{
  "project_info": {
    "project_number": "903580530421",
    "project_id": "reco-facial-1012b",
    "storage_bucket": "reco-facial-1012b.firebasestorage.app"
  },
  "client": [
    {
      "client_info": {
        "mobilesdk_app_id": "1:903580530421:android:d2bd823fc5d6870fa477bc",
        "android_client_info": {
          "package_name": "com.example.facial_android"
        }
      },
      "oauth_client": [],
      "api_key": [
        {
          "current_key": "AIzaSyD88Ulc_VZ-u8R0i-y_NdSdHVq4X0w7xIA"
        }
      ],
      "services": {
        "appinvite_service": {
          "other_platform_oauth_client": []
        }
      }
    }
  ],
  "configuration_version": "1"
}